{"inputUnits":[34],"outputUnits":2,"inputs":{"0":{"dtype":"number","min":385.93684265255695,"max":452.8069271214059},"1":{"dtype":"number","min":100.04391627469721,"max":238.02183006242},"2":{"dtype":"number","min":397.4385756405241,"max":464.91388807984583},"3":{"dtype":"number","min":91.09042102598073,"max":225.73057178400643},"4":{"dtype":"number","min":373.18870916236443,"max":434.7864670781364},"5":{"dtype":"number","min":86.93239446271929,"max":222.7043062622784},"6":{"dtype":"number","min":402.7176153171829,"max":472.5253206665753},"7":{"dtype":"number","min":99.70585131505774,"max":237.84573634930285},"8":{"dtype":"number","min":341.3002069186978,"max":400.46568411367906},"9":{"dtype":"number","min":93.02959003411306,"max":229.975483617355},"10":{"dtype":"number","min":354.30515222382127,"max":433.39175040261784},"11":{"dtype":"number","min":158.54236565602918,"max":299.6499252319336},"12":{"dtype":"number","min":321.82722601044713,"max":395.37233051500823},"13":{"dtype":"number","min":154.81068453128805,"max":286.1927340323465},"14":{"dtype":"number","min":378.96116911086887,"max":484.3182170786123},"15":{"dtype":"number","min":261.32934228253873,"max":329.3975722998903},"16":{"dtype":"number","min":327.5232962744045,"max":484.65465523346126},"17":{"dtype":"number","min":249.98750563950563,"max":344.30506893998233},"18":{"dtype":"number","min":396.04429813853477,"max":595.8898116738243},"19":{"dtype":"number","min":308.20723684210526,"max":414.99641046654176},"20":{"dtype":"number","min":376.04786536382187,"max":633.8942142955043},"21":{"dtype":"number","min":310.0248828315363,"max":416.15679378397977},"22":{"dtype":"number","min":313.1803742347405,"max":451.7075150101273},"23":{"dtype":"number","min":393.9165212768792,"max":483.04314209936183},"24":{"dtype":"number","min":290.38144236187253,"max":340.6113523070575},"25":{"dtype":"number","min":372.233234725268,"max":495.12330499541224},"26":{"dtype":"number","min":319.1791159832454,"max":454.9991049961737},"27":{"dtype":"number","min":479.986662985521,"max":557.3623196191025},"28":{"dtype":"number","min":320.0738887526603,"max":385.9981246859009},"29":{"dtype":"number","min":497.48116015458424,"max":562.9942985073632},"30":{"dtype":"number","min":314.56926490828306,"max":450.6345586051718},"31":{"dtype":"number","min":487.21554761741595,"max":562.0140920419674},"32":{"dtype":"number","min":318.07970058151153,"max":390.1464546307718},"33":{"dtype":"number","min":539.7027122393454,"max":562.5052941751759}},"outputs":{"0":{"dtype":"string","min":0,"max":1,"uniqueValues":["y","a"],"legend":{"y":[1,0],"a":[0,1]}}},"isNormalized":true}